2023-10-09 16:28:49 | What was the hardest thing you accomplished today? | ksdjf oesf
2023-10-09 16:28:51 | What is something you noticed today, that you need to work on tomorrow? | oisueoiusefd
2023-10-09 16:28:52 | Write about a funny thing that happened today. | sidufoiuefsef
2023-10-09 16:28:54 | What is something that went well today? | oioiuoiuoiu
2023-10-09 16:28:56 | What is something that went well today? | cccccccccccccccc
2023-10-09 16:29:04 | What is something you noticed today, that you need to work on tomorrow? | kkkkkkkkkkkkkkkk
2023-10-09 16:29:33 | What is something that went well today? | oosiueroiuser
2023-10-09 16:29:38 | What is something you noticed today, that you need to work on tomorrow? | isodiufoiudf
2023-10-09 16:29:40 | What is something you noticed today, that you need to work on tomorrow? | kjsdklfjlkdsjf
2023-10-09 16:29:42 | Write about a funny thing that happened today. | lioiuoiuoiuo
